{
  "_format": "hh-sol-cache-2",
  "files": {
    "G:\\Projects\\blockchain_based_health_record_system\\contracts\\HealthRecord.sol": {
      "lastModificationDate": 1746960078815,
      "contentHash": "f7e52bae43b55c0dcfd6d0c16454971a",
      "sourceName": "contracts/HealthRecord.sol",
      "solcConfig": {
        "version": "0.8.28",
        "settings": {
          "evmVersion": "paris",
          "optimizer": {
            "enabled": false,
            "runs": 200
          },
          "outputSelection": {
            "*": {
              "*": [
                "abi",
                "evm.bytecode",
                "evm.deployedBytecode",
                "evm.methodIdentifiers",
                "metadata"
              ],
              "": [
                "ast"
              ]
            }
          }
        }
      },
      "imports": [],
      "versionPragmas": [
        "^0.8.28"
      ],
      "artifacts": [
        "HealthRecord"
      ]
    },
    "G:\\Projects\\blockchain_based_health_record_system\\contracts\\Lock.sol": {
      "lastModificationDate": 1746275901276,
      "contentHash": "642fa52ab63153524e2438211810ea7e",
      "sourceName": "contracts/Lock.sol",
      "solcConfig": {
        "version": "0.8.28",
        "settings": {
          "evmVersion": "paris",
          "optimizer": {
            "enabled": false,
            "runs": 200
          },
          "outputSelection": {
            "*": {
              "*": [
                "abi",
                "evm.bytecode",
                "evm.deployedBytecode",
                "evm.methodIdentifiers",
                "metadata"
              ],
              "": [
                "ast"
              ]
            }
          }
        }
      },
      "imports": [],
      "versionPragmas": [
        "^0.8.28"
      ],
      "artifacts": [
        "Lock"
      ]
    }
  }
}
